{
  "best_epoch": 12,
  "best_val_metrics": {
    "top@1": 0.6184,
    "ksr@1": 0.6184,
    "top@3": 0.7708,
    "ksr@3": 0.7708,
    "top@5": 0.8296,
    "ksr@5": 0.8296,
    "mrr": 0.7139134185791015,
    "coverage_error": 3.9896,
    "mean_ce": 1.5416620288848877,
    "ppl": 4.672349400917594
  },
  "test_metrics": {
    "top@1": 0.6096,
    "ksr@1": 0.6096,
    "top@3": 0.7756,
    "ksr@3": 0.7756,
    "top@5": 0.8344,
    "ksr@5": 0.8344,
    "mrr": 0.7118034606933594,
    "coverage_error": 3.8804,
    "mean_ce": 1.525550308227539,
    "ppl": 4.597673010541928
  }
}